{
	"format_version": "1.8.0",
	"animations": {
		"animation.enchantress.chargeup": {
			"loop": true,
			"animation_length": 6.08333,
			"bones": {
				"leftArm": {
					"rotation": {
						"0.0": [0, 0, 2.5],
						"0.0833": [0, 0, 2.5],
						"2.9167": [0, 0, 0],
						"3.0833": [0, 0, 0],
						"5.9167": [0, 0, 2.5],
						"6.0": [0, 0, 2.5]
					}
				},
				"rightArm": {
					"rotation": {
						"0.0": [0, 0, 2.5],
						"0.0833": [0, 0, 2.5],
						"1.9167": [-120.86748, 12.95254, -7.63074],
						"2.0833": [-120.86748, 12.95254, -7.63074],
						"2.9167": [0, 0, 0],
						"3.0833": [0, 0, 0],
						"5.9167": [0, 0, 2.5],
						"6.0": [0, 0, 2.5]
					},
					"position": {
						"0.0": [0, 0, 0],
						"0.0833": [0, 0, 0],
						"1.0": [0, 2, -4],
						"1.9167": [0, 6, -4],
						"2.0833": [0, 6, -4],
						"3.0": [0, 0, 0]
					}
				},
				"orb": {
					"rotation": {
						"0.0": [0, 0, 0],
						"0.0833": [0, 0, 0],
						"1.9167": [0, 360, 0],
						"3.0": [0, 720, 0]
					},
					"position": {
						"0.0": [0, 0, 0],
						"0.0833": [0, 0, 0],
						"1.8333": [0, 2.5, 0],
						"2.0": [0, 2.5, 0],
						"2.9167": [0, 1, 0],
						"3.0833": [0, 0.5, 0],
						"5.9167": [0, 0, 0],
						"6.0": [0, 0, 0]
					}
				},
				"head": {
					"rotation": {
						"0.0": [0, 0, 0],
						"1.0": [-7.37872, -47.2626, 5.43327],
						"2.0": [-10, -47.2626, 5.43327],
						"3.0": [0, 0, 0]
					}
				}
			},
			"sound_effects": {
				"0.0": {
					"effect": "xsmp.npcs.chargeup"
				}
			}
		}
	}
}