{
	"format_version": "1.8.0",
	"animations": {
		"animation.welcomer.idle": {
			"loop": true,
			"animation_length": 8.1,
			"bones": {
				"leftArm": {
					"rotation": {
						"0.0": [0, 0, 0],
						"0.15": [0, 0, 0],
						"2.85": [0, 0, 2.5],
						"3.15": [0, 0, 2.5],
						"5.85": [0, 0, 0],
						"6.0": [0, 0, 0],
						"6.5": [0, 0, -167.5],
						"6.75": [0, 0, -125],
						"7.0": [0, 0, -167.5],
						"7.25": [0, 0, -125],
						"7.5": [0, 0, -167.5],
						"8.0": [0, 0, 0]
					},
					"position": {
						"6.0": [0, 0, 0],
						"6.15": [2.5, 2.25, 0],
						"6.25": [3, 4.5, 0],
						"6.4": [2.5, 6.75, 0],
						"6.5": [0, 9, 0],
						"6.65": [1, 9, 0],
						"6.75": [1, 9, 0],
						"6.9": [1, 9, 0],
						"7.0": [0, 9, 0],
						"7.15": [1, 9, 0],
						"7.25": [1, 9, 0],
						"7.4": [1, 9, 0],
						"7.5": [0, 9, 0],
						"7.65": [2.5, 6.75, 0],
						"7.75": [3, 4.5, 0],
						"7.9": [2.5, 2.25, 0],
						"8.0": [0, 0, 0]
					}
				},
				"rightArm": {
					"rotation": {
						"0.0": [0, 0, 0],
						"0.15": [0, 0, 0],
						"2.85": [0, 0, -2.5],
						"3.15": [0, 0, -2.5],
						"5.85": [0, 0, 0],
						"6.0": [0, 0, 0],
						"6.45": [0, 0, 6.6218],
						"6.55": [0, 0, 6.6218],
						"7.45": [0, 0, 9.93273],
						"7.55": [0, 0, 9.93273],
						"8.0": [0, 0, 0]
					},
					"position": {
						"6.0": [0, 0, 0],
						"6.45": [-0.6, 0, 0],
						"6.55": [-0.6, 0, 0],
						"7.45": [-0.9, 0, 0],
						"7.55": [-0.9, 0, 0],
						"8.0": [0, 0, 0]
					}
				},
				"head": {
					"rotation": {
						"6.0": [0, 0, 0],
						"6.5": [0, 0, -7.5],
						"7.0": [0, 0, -5],
						"7.5": [0, 0, -7.5],
						"7.75": [0, 0, -3.75],
						"8.0": [0, 0, 0]
					},
					"position": {
						"6.0": [0, 0, 0],
						"6.5": [-1, -0.2, 0],
						"7.0": [-0.75, -0.15, 0],
						"7.5": [-1, -0.2, 0],
						"7.75": [-0.5, -0.1, 0],
						"8.0": [0, 0, 0]
					}
				}
			}
		}
	}
}